{"action_dict": {"no_person": 0, "standing": 1, "walking": 2, "getting_up_down": 3, "jumping": 4, "waving_hands": 5}, "canvas_height": 480, "canvas_width": 640, "AP_IP_ADDR": "192.168.4.1", "STA_MAC_ARRDS": ["8C:CE:4E:99:30:E0", "A8:48:FA:0C:2E:28", "30:C6:F7:51:0B:C0"], "CSI_sampling_period": 0.02996637340553263, "excluded_subcarriers": [1, 2, 3, 4, 5, 6, 33, 60, 61, 62, 63, 64], "max_amp_diff": 10.916954026405428, "min_amp_diff": -12.576461205026625, "class_weight": [0.07173553719008265, 0.18016528925619835, 0.26380165289256197, 0.1484297520661157, 0.15504132231404957, 0.18082644628099173]}