{"action_dict": {"no_person": 0, "standing": 1, "walking": 2, "getting_up_down": 3, "jumping": 4, "waving_hands": 5}, "canvas_height": 480, "canvas_width": 640, "AP_IP_ADDR": "192.168.4.1", "STA_MAC_ARRDS": ["30:C6:F7:51:0B:C0", "30:C6:F7:51:B4:A8", "30:C6:F7:51:A6:E4"], "CSI_sampling_period": 0.02996637340553263, "excluded_subcarriers": [1, 2, 3, 4, 5, 6, 33, 60, 61, 62, 63, 64], "max_amp_diff": 10.916954026405428, "min_amp_diff": -12.576461205026625, "class_weight": [0.17490547542361015, 0.09942585072118751, 0.14801848480604957, 0.26746954208094104, 0.15754096064976894, 0.1526396863184428]}