{"action_dict": {"no_person": 0, "standing": 1, "walking": 2, "getting_up_down": 3, "jumping": 4, "waving_hands": 5}, "canvas_height": 480, "canvas_width": 640, "AP_IP_ADDR": "192.168.4.1", "STA_MAC_ARRDS": ["30:C6:F7:51:0B:C0", "30:C6:F7:51:B4:A8", "30:C6:F7:51:A6:E4"], "CSI_sampling_period": 0.02996637340553263, "excluded_subcarriers": [1, 2, 3, 4, 5, 6, 33, 60, 61, 62, 63, 64], "max_amp_diff": 10.916954026405428, "min_amp_diff": -12.576461205026625, "class_weight": [0.0, 0.18930148013502987, 0.17008569202804466, 0.28771747598026487, 0.1578810698519865, 0.1950142820046741]}