{"canvas_height": 480, "canvas_width": 640, "AP_IP_ADDR": "192.168.4.1", "STA_MAC_ARRDS": ["8C:CE:4E:9A:04:5C"], "CSI_sampling_period": 0.02996637340553263, "excluded_subcarriers": [1, 2, 3, 4, 5, 6, 33, 60, 61, 62, 63, 64], "max_amp_diff": 10.916954026405428, "min_amp_diff": -12.576461205026625}